"id";"cedula";"fecha_pago";"total";"ingreso";"meses_vencidos";"meses_adelantados";"numero_comprobante";"observaciones";"created_at"
51;"0503838781";"2025-04-30 01:26:38";15.0;5.0;"dic_aa";"";1;"Pago";"2025-04-29 23:26:38"
52;"0503838781";"2025-04-30 01:35:28";10.0;0.0;"enero";"";2;"";"2025-04-29 23:35:28"
53;"0503838781";"2025-04-30 01:36:19";25.0;5.0;"dic_aa, enero";"";3;"Pago";"2025-04-29 23:36:19"
54;"0503838781";"2025-04-30 01:36:32";10.0;0.0;"febrero";"";4;"";"2025-04-29 23:36:32"
55;"0503838781";"2025-04-30 01:39:15";10.0;0.0;"marzo";"";5;"dadsa";"2025-04-29 23:39:15"
56;"0503838781";"2025-04-30 02:20:08";10.0;0.0;"";"abril";6;"";"2025-04-30 00:20:08"
57;"0503838781";"2025-05-15 22:53:11";25.0;5.0;"dic_aa, enero";"";7;"Deposito";"2025-05-15 20:53:11"
58;"0503838781";"2025-05-15 22:53:41";40.0;0.0;"";"febrero, marzo, abril, mayo";8;"comprobante";"2025-05-15 20:53:41"
59;"0503838781";"2025-05-15 22:54:35";20.0;0.0;"";"junio, julio";9;"";"2025-05-15 20:54:35"
